
{ 
  "vx_min" :  0.01,
  "vx_max" :  3.674057837246744,
  "vy_min" : -1.794531078728723,
  "vy_max" :  2.320051877955961,
  "r_min"  : -8.254147083623709,
  "r_max"  :  6.937841276086316,
  "D_min"  : -0.1,
  "D_max"  :  1,
  "delta_min":-1,
  "delta_max": 1,
  "dvx_min"  : -13.913574915598725,
  "dvx_max" : 5.261393224311308,
  "dvy_min" : -16.494557832781584,
  "dvy_max" : 22.214318484176676,
  "dr_min" : -404.756022938633,
  "dr_max" : 405.0987421375822,

  "Cm1" : 0.287,
  "Cm2" : 0.0545,

  "Cr0" : 0.0518,
  "Cr2" : 0.00035,

  "Br" 	: 3.3852,
  "Cr" 	: 1.2691,
  "Dr" 	: 0.1737,

  "Bf"	: 2.579,
  "Cf" 	: 1.2,
  "Df" 	: 0.192,

  "m" 	: 0.041,
  "Iz" 	: 27.8E-6,
  "lf" 	: 0.029,
  "lr" 	: 0.033,

  "car_l": 0.06,
  "car_w": 0.03,

  "g"   : 9.81,

  "R_in" : 0.14,
  "R_out" : 0.14,

  "max_dist_proj": 0.2,

  "E_long" : 0.9,
  "E_eps" : 0.95,

  "maxAlpha" : 0.6,

  "initial_velocity" : 1.0,
  "s_trust_region" : 0.2,

  "vx_zero": 0.3
}